task,train accuracy,test accuracy
binary,0.7965137045361889,0.6908225125547708
multiclass,0.44757929220589454,0.37480242492147015
